,prices,links,names,page-numbers
0,£63.00,https://scrapeme.live/shop/Bulbasaur/,Bulbasaur,48
1,£87.00,https://scrapeme.live/shop/Ivysaur/,Ivysaur,48
2,£105.00,https://scrapeme.live/shop/Venusaur/,Venusaur,48
3,£48.00,https://scrapeme.live/shop/Charmander/,Charmander,48
4,£165.00,https://scrapeme.live/shop/Charmeleon/,Charmeleon,48
5,£156.00,https://scrapeme.live/shop/Charizard/,Charizard,48
6,£130.00,https://scrapeme.live/shop/Squirtle/,Squirtle,48
7,£123.00,https://scrapeme.live/shop/Wartortle/,Wartortle,48
8,£76.00,https://scrapeme.live/shop/Blastoise/,Blastoise,48
9,£73.00,https://scrapeme.live/shop/Caterpie/,Caterpie,48
10,£148.00,https://scrapeme.live/shop/Metapod/,Metapod,48
11,£162.00,https://scrapeme.live/shop/Butterfree/,Butterfree,48
12,£25.00,https://scrapeme.live/shop/Weedle/,Weedle,48
13,£148.00,https://scrapeme.live/shop/Kakuna/,Kakuna,48
14,£168.00,https://scrapeme.live/shop/Beedrill/,Beedrill,48
15,£159.00,https://scrapeme.live/shop/Pidgey/,Pidgey,48
16,£84.00,https://scrapeme.live/shop/Pidgeotto/,Pidgeotto,48
17,£185.00,https://scrapeme.live/shop/Pidgeot/,Pidgeot,48
18,£128.00,https://scrapeme.live/shop/Rattata/,Rattata,48
19,£60.00,https://scrapeme.live/shop/Raticate/,Raticate,48
20,£133.00,https://scrapeme.live/shop/Spearow/,Spearow,48
21,£95.00,https://scrapeme.live/shop/Fearow/,Fearow,48
22,£55.00,https://scrapeme.live/shop/Ekans/,Ekans,48
23,£182.00,https://scrapeme.live/shop/Arbok/,Arbok,48
24,£37.00,https://scrapeme.live/shop/Pikachu/,Pikachu,48
25,£140.00,https://scrapeme.live/shop/Raichu/,Raichu,48
26,£82.00,https://scrapeme.live/shop/Sandshrew/,Sandshrew,48
27,£155.00,https://scrapeme.live/shop/Sandslash/,Sandslash,48
28,£28.00,https://scrapeme.live/shop/Nidorina/,Nidorina,48
29,£106.00,https://scrapeme.live/shop/Nidoqueen/,Nidoqueen,48
30,£179.00,https://scrapeme.live/shop/Nidorino/,Nidorino,48
31,£31.00,https://scrapeme.live/shop/Nidoking/,Nidoking,48
32,£160.00,https://scrapeme.live/shop/Clefairy/,Clefairy,48
33,£188.00,https://scrapeme.live/shop/Clefable/,Clefable,48
34,£85.00,https://scrapeme.live/shop/Vulpix/,Vulpix,48
35,£52.00,https://scrapeme.live/shop/Ninetales/,Ninetales,48
36,£61.00,https://scrapeme.live/shop/Jigglypuff/,Jigglypuff,48
37,£130.00,https://scrapeme.live/shop/Wigglytuff/,Wigglytuff,48
38,£125.00,https://scrapeme.live/shop/Zubat/,Zubat,48
39,£136.00,https://scrapeme.live/shop/Golbat/,Golbat,48
40,£45.00,https://scrapeme.live/shop/Oddish/,Oddish,48
41,£178.00,https://scrapeme.live/shop/Gloom/,Gloom,48
42,£170.00,https://scrapeme.live/shop/Vileplume/,Vileplume,48
43,£168.00,https://scrapeme.live/shop/Paras/,Paras,48
44,£27.00,https://scrapeme.live/shop/Parasect/,Parasect,48
45,£158.00,https://scrapeme.live/shop/Venonat/,Venonat,48
46,£53.00,https://scrapeme.live/shop/Venomoth/,Venomoth,48
47,£122.00,https://scrapeme.live/shop/Diglett/,Diglett,48
48,£111.00,https://scrapeme.live/shop/Dugtrio/,Dugtrio,48
49,£131.00,https://scrapeme.live/shop/Meowth/,Meowth,48
50,£200.00,https://scrapeme.live/shop/Persian/,Persian,48
51,£182.00,https://scrapeme.live/shop/Psyduck/,Psyduck,48
52,£31.00,https://scrapeme.live/shop/Golduck/,Golduck,48
53,£125.00,https://scrapeme.live/shop/Mankey/,Mankey,48
54,£86.00,https://scrapeme.live/shop/Primeape/,Primeape,48
55,£30.00,https://scrapeme.live/shop/Growlithe/,Growlithe,48
56,£69.00,https://scrapeme.live/shop/Arcanine/,Arcanine,48
57,£174.00,https://scrapeme.live/shop/Poliwag/,Poliwag,48
58,£121.00,https://scrapeme.live/shop/Poliwhirl/,Poliwhirl,48
59,£152.00,https://scrapeme.live/shop/Poliwrath/,Poliwrath,48
60,£141.00,https://scrapeme.live/shop/Abra/,Abra,48
61,£129.00,https://scrapeme.live/shop/Kadabra/,Kadabra,48
62,£40.00,https://scrapeme.live/shop/Alakazam/,Alakazam,48
63,£166.00,https://scrapeme.live/shop/Machop/,Machop,48
64,£27.00,https://scrapeme.live/shop/Machoke/,Machoke,48
65,£121.00,https://scrapeme.live/shop/Machamp/,Machamp,48
66,£74.00,https://scrapeme.live/shop/Bellsprout/,Bellsprout,48
67,£26.00,https://scrapeme.live/shop/Weepinbell/,Weepinbell,48
68,£68.00,https://scrapeme.live/shop/Victreebel/,Victreebel,48
69,£186.00,https://scrapeme.live/shop/Tentacool/,Tentacool,48
70,£65.00,https://scrapeme.live/shop/Tentacruel/,Tentacruel,48
71,£32.00,https://scrapeme.live/shop/Geodude/,Geodude,48
72,£182.00,https://scrapeme.live/shop/Graveler/,Graveler,48
73,£103.00,https://scrapeme.live/shop/Golem/,Golem,48
74,£53.00,https://scrapeme.live/shop/Ponyta/,Ponyta,48
75,£98.00,https://scrapeme.live/shop/Rapidash/,Rapidash,48
76,£109.00,https://scrapeme.live/shop/Slowpoke/,Slowpoke,48
77,£179.00,https://scrapeme.live/shop/Slowbro/,Slowbro,48
78,£100.00,https://scrapeme.live/shop/Magnemite/,Magnemite,48
79,£191.00,https://scrapeme.live/shop/Magneton/,Magneton,48
80,£185.00,https://scrapeme.live/shop/Farfetchd/,Farfetchd,48
81,£73.00,https://scrapeme.live/shop/Doduo/,Doduo,48
82,£138.00,https://scrapeme.live/shop/Dodrio/,Dodrio,48
83,£164.00,https://scrapeme.live/shop/Seel/,Seel,48
84,£70.00,https://scrapeme.live/shop/Dewgong/,Dewgong,48
85,£147.00,https://scrapeme.live/shop/Grimer/,Grimer,48
86,£187.00,https://scrapeme.live/shop/Muk/,Muk,48
87,£138.00,https://scrapeme.live/shop/Shellder/,Shellder,48
88,£199.00,https://scrapeme.live/shop/Cloyster/,Cloyster,48
89,£179.00,https://scrapeme.live/shop/Gastly/,Gastly,48
90,£42.00,https://scrapeme.live/shop/Haunter/,Haunter,48
91,£149.00,https://scrapeme.live/shop/Gengar/,Gengar,48
92,£37.00,https://scrapeme.live/shop/Onix/,Onix,48
93,£40.00,https://scrapeme.live/shop/Drowzee/,Drowzee,48
94,£198.00,https://scrapeme.live/shop/Hypno/,Hypno,48
95,£64.00,https://scrapeme.live/shop/Krabby/,Krabby,48
96,£72.00,https://scrapeme.live/shop/Kingler/,Kingler,48
97,£189.00,https://scrapeme.live/shop/Voltorb/,Voltorb,48
98,£100.00,https://scrapeme.live/shop/Electrode/,Electrode,48
99,£126.00,https://scrapeme.live/shop/Exeggcute/,Exeggcute,48
100,£68.00,https://scrapeme.live/shop/Exeggutor/,Exeggutor,48
101,£177.00,https://scrapeme.live/shop/Cubone/,Cubone,48
102,£36.00,https://scrapeme.live/shop/Marowak/,Marowak,48
103,£73.00,https://scrapeme.live/shop/Hitmonlee/,Hitmonlee,48
104,£91.00,https://scrapeme.live/shop/Hitmonchan/,Hitmonchan,48
105,£142.00,https://scrapeme.live/shop/Lickitung/,Lickitung,48
106,£38.00,https://scrapeme.live/shop/Koffing/,Koffing,48
107,£48.00,https://scrapeme.live/shop/Weezing/,Weezing,48
108,£124.00,https://scrapeme.live/shop/Rhyhorn/,Rhyhorn,48
109,£27.00,https://scrapeme.live/shop/Rhydon/,Rhydon,48
110,£176.00,https://scrapeme.live/shop/Chansey/,Chansey,48
111,£64.00,https://scrapeme.live/shop/Tangela/,Tangela,48
112,£164.00,https://scrapeme.live/shop/Kangaskhan/,Kangaskhan,48
113,£154.00,https://scrapeme.live/shop/Horsea/,Horsea,48
114,£51.00,https://scrapeme.live/shop/Seadra/,Seadra,48
115,£170.00,https://scrapeme.live/shop/Goldeen/,Goldeen,48
116,£129.00,https://scrapeme.live/shop/Seaking/,Seaking,48
117,£166.00,https://scrapeme.live/shop/Staryu/,Staryu,48
118,£176.00,https://scrapeme.live/shop/Starmie/,Starmie,48
119,£144.00,https://scrapeme.live/shop/Mr-mime/,Mr-mime,48
120,£85.00,https://scrapeme.live/shop/Scyther/,Scyther,48
121,£138.00,https://scrapeme.live/shop/Jynx/,Jynx,48
122,£125.00,https://scrapeme.live/shop/Electabuzz/,Electabuzz,48
123,£130.00,https://scrapeme.live/shop/Magmar/,Magmar,48
124,£141.00,https://scrapeme.live/shop/Pinsir/,Pinsir,48
125,£63.00,https://scrapeme.live/shop/Tauros/,Tauros,48
126,£43.00,https://scrapeme.live/shop/Magikarp/,Magikarp,48
127,£79.00,https://scrapeme.live/shop/Gyarados/,Gyarados,48
128,£172.00,https://scrapeme.live/shop/Lapras/,Lapras,48
129,£75.00,https://scrapeme.live/shop/Ditto/,Ditto,48
130,£112.00,https://scrapeme.live/shop/Eevee/,Eevee,48
131,£147.00,https://scrapeme.live/shop/Vaporeon/,Vaporeon,48
132,£158.00,https://scrapeme.live/shop/Jolteon/,Jolteon,48
133,£34.00,https://scrapeme.live/shop/Flareon/,Flareon,48
134,£178.00,https://scrapeme.live/shop/Porygon/,Porygon,48
135,£162.00,https://scrapeme.live/shop/Omanyte/,Omanyte,48
136,£61.00,https://scrapeme.live/shop/Omastar/,Omastar,48
137,£79.00,https://scrapeme.live/shop/Kabuto/,Kabuto,48
138,£57.00,https://scrapeme.live/shop/Kabutops/,Kabutops,48
139,£56.00,https://scrapeme.live/shop/Aerodactyl/,Aerodactyl,48
140,£134.00,https://scrapeme.live/shop/Snorlax/,Snorlax,48
141,£77.00,https://scrapeme.live/shop/Articuno/,Articuno,48
142,£133.00,https://scrapeme.live/shop/Zapdos/,Zapdos,48
143,£178.00,https://scrapeme.live/shop/Moltres/,Moltres,48
144,£94.00,https://scrapeme.live/shop/Dratini/,Dratini,48
145,£57.00,https://scrapeme.live/shop/Dragonair/,Dragonair,48
146,£69.00,https://scrapeme.live/shop/Dragonite/,Dragonite,48
147,£43.00,https://scrapeme.live/shop/Mewtwo/,Mewtwo,48
148,£136.00,https://scrapeme.live/shop/Mew/,Mew,48
149,£127.00,https://scrapeme.live/shop/Chikorita/,Chikorita,48
150,£44.00,https://scrapeme.live/shop/Bayleef/,Bayleef,48
151,£163.00,https://scrapeme.live/shop/Meganium/,Meganium,48
152,£154.00,https://scrapeme.live/shop/Cyndaquil/,Cyndaquil,48
153,£85.00,https://scrapeme.live/shop/Quilava/,Quilava,48
154,£191.00,https://scrapeme.live/shop/Typhlosion/,Typhlosion,48
155,£190.00,https://scrapeme.live/shop/Totodile/,Totodile,48
156,£175.00,https://scrapeme.live/shop/Croconaw/,Croconaw,48
157,£183.00,https://scrapeme.live/shop/Feraligatr/,Feraligatr,48
158,£48.00,https://scrapeme.live/shop/Sentret/,Sentret,48
159,£154.00,https://scrapeme.live/shop/Furret/,Furret,48
160,£48.00,https://scrapeme.live/shop/Hoothoot/,Hoothoot,48
161,£170.00,https://scrapeme.live/shop/Noctowl/,Noctowl,48
162,£98.00,https://scrapeme.live/shop/Ledyba/,Ledyba,48
163,£136.00,https://scrapeme.live/shop/Ledian/,Ledian,48
164,£199.00,https://scrapeme.live/shop/Spinarak/,Spinarak,48
165,£85.00,https://scrapeme.live/shop/Ariados/,Ariados,48
166,£195.00,https://scrapeme.live/shop/Crobat/,Crobat,48
167,£59.00,https://scrapeme.live/shop/Chinchou/,Chinchou,48
168,£131.00,https://scrapeme.live/shop/Lanturn/,Lanturn,48
169,£193.00,https://scrapeme.live/shop/Pichu/,Pichu,48
170,£107.00,https://scrapeme.live/shop/Cleffa/,Cleffa,48
171,£189.00,https://scrapeme.live/shop/Igglybuff/,Igglybuff,48
172,£47.00,https://scrapeme.live/shop/Togepi/,Togepi,48
173,£69.00,https://scrapeme.live/shop/Togetic/,Togetic,48
174,£99.00,https://scrapeme.live/shop/Natu/,Natu,48
175,£123.00,https://scrapeme.live/shop/Xatu/,Xatu,48
176,£79.00,https://scrapeme.live/shop/Mareep/,Mareep,48
177,£163.00,https://scrapeme.live/shop/Flaaffy/,Flaaffy,48
178,£41.00,https://scrapeme.live/shop/Ampharos/,Ampharos,48
179,£25.00,https://scrapeme.live/shop/Bellossom/,Bellossom,48
180,£127.00,https://scrapeme.live/shop/Marill/,Marill,48
181,£175.00,https://scrapeme.live/shop/Azumarill/,Azumarill,48
182,£54.00,https://scrapeme.live/shop/Sudowoodo/,Sudowoodo,48
183,£193.00,https://scrapeme.live/shop/Politoed/,Politoed,48
184,£107.00,https://scrapeme.live/shop/Hoppip/,Hoppip,48
185,£185.00,https://scrapeme.live/shop/Skiploom/,Skiploom,48
186,£107.00,https://scrapeme.live/shop/Jumpluff/,Jumpluff,48
187,£182.00,https://scrapeme.live/shop/Aipom/,Aipom,48
188,£150.00,https://scrapeme.live/shop/Sunkern/,Sunkern,48
189,£33.00,https://scrapeme.live/shop/Sunflora/,Sunflora,48
190,£130.00,https://scrapeme.live/shop/Yanma/,Yanma,48
191,£98.00,https://scrapeme.live/shop/Wooper/,Wooper,48
192,£37.00,https://scrapeme.live/shop/Quagsire/,Quagsire,48
193,£177.00,https://scrapeme.live/shop/Espeon/,Espeon,48
194,£78.00,https://scrapeme.live/shop/Umbreon/,Umbreon,48
195,£178.00,https://scrapeme.live/shop/Murkrow/,Murkrow,48
196,£174.00,https://scrapeme.live/shop/Slowking/,Slowking,48
197,£33.00,https://scrapeme.live/shop/Misdreavus/,Misdreavus,48
198,£198.00,https://scrapeme.live/shop/Unown/,Unown,48
199,£107.00,https://scrapeme.live/shop/Wobbuffet/,Wobbuffet,48
200,£99.00,https://scrapeme.live/shop/Girafarig/,Girafarig,48
201,£112.00,https://scrapeme.live/shop/Gligar/,Gligar,48
202,£116.00,https://scrapeme.live/shop/Steelix/,Steelix,48
203,£63.00,https://scrapeme.live/shop/Snubbull/,Snubbull,48
204,£59.00,https://scrapeme.live/shop/Granbull/,Granbull,48
205,£77.00,https://scrapeme.live/shop/Qwilfish/,Qwilfish,48
206,£172.00,https://scrapeme.live/shop/Scizor/,Scizor,48
207,£194.00,https://scrapeme.live/shop/Shuckle/,Shuckle,48
208,£143.00,https://scrapeme.live/shop/Heracross/,Heracross,48
209,£108.00,https://scrapeme.live/shop/Sneasel/,Sneasel,48
210,£173.00,https://scrapeme.live/shop/Teddiursa/,Teddiursa,48
211,£31.00,https://scrapeme.live/shop/Ursaring/,Ursaring,48
212,£36.00,https://scrapeme.live/shop/Magcargo/,Magcargo,48
213,£132.00,https://scrapeme.live/shop/Swinub/,Swinub,48
214,£84.00,https://scrapeme.live/shop/Piloswine/,Piloswine,48
215,£27.00,https://scrapeme.live/shop/Corsola/,Corsola,48
216,£122.00,https://scrapeme.live/shop/Remoraid/,Remoraid,48
217,£94.00,https://scrapeme.live/shop/Octillery/,Octillery,48
218,£121.00,https://scrapeme.live/shop/Delibird/,Delibird,48
219,£114.00,https://scrapeme.live/shop/Mantine/,Mantine,48
220,£199.00,https://scrapeme.live/shop/Skarmory/,Skarmory,48
221,£144.00,https://scrapeme.live/shop/Houndour/,Houndour,48
222,£78.00,https://scrapeme.live/shop/Houndoom/,Houndoom,48
223,£124.00,https://scrapeme.live/shop/Kingdra/,Kingdra,48
224,£129.00,https://scrapeme.live/shop/Phanpy/,Phanpy,48
225,£89.00,https://scrapeme.live/shop/Donphan/,Donphan,48
226,£151.00,https://scrapeme.live/shop/Porygon2/,Porygon2,48
227,£33.00,https://scrapeme.live/shop/Stantler/,Stantler,48
228,£151.00,https://scrapeme.live/shop/Smeargle/,Smeargle,48
229,£145.00,https://scrapeme.live/shop/Tyrogue/,Tyrogue,48
230,£149.00,https://scrapeme.live/shop/Hitmontop/,Hitmontop,48
231,£166.00,https://scrapeme.live/shop/Smoochum/,Smoochum,48
232,£104.00,https://scrapeme.live/shop/Elekid/,Elekid,48
233,£40.00,https://scrapeme.live/shop/Magby/,Magby,48
234,£26.00,https://scrapeme.live/shop/Miltank/,Miltank,48
235,£31.00,https://scrapeme.live/shop/Blissey/,Blissey,48
236,£66.00,https://scrapeme.live/shop/Raikou/,Raikou,48
237,£27.00,https://scrapeme.live/shop/Entei/,Entei,48
238,£68.00,https://scrapeme.live/shop/Suicune/,Suicune,48
239,£26.00,https://scrapeme.live/shop/Larvitar/,Larvitar,48
240,£114.00,https://scrapeme.live/shop/Pupitar/,Pupitar,48
241,£190.00,https://scrapeme.live/shop/Tyranitar/,Tyranitar,48
242,£86.00,https://scrapeme.live/shop/Lugia/,Lugia,48
243,£91.00,https://scrapeme.live/shop/Ho-oh/,Ho-oh,48
244,£111.00,https://scrapeme.live/shop/Celebi/,Celebi,48
245,£96.00,https://scrapeme.live/shop/Treecko/,Treecko,48
246,£190.00,https://scrapeme.live/shop/Grovyle/,Grovyle,48
247,£37.00,https://scrapeme.live/shop/Sceptile/,Sceptile,48
248,£28.00,https://scrapeme.live/shop/Torchic/,Torchic,48
249,£68.00,https://scrapeme.live/shop/Combusken/,Combusken,48
250,£40.00,https://scrapeme.live/shop/Blaziken/,Blaziken,48
251,£140.00,https://scrapeme.live/shop/Mudkip/,Mudkip,48
252,£152.00,https://scrapeme.live/shop/Marshtomp/,Marshtomp,48
253,£144.00,https://scrapeme.live/shop/Swampert/,Swampert,48
254,£130.00,https://scrapeme.live/shop/Poochyena/,Poochyena,48
255,£175.00,https://scrapeme.live/shop/Mightyena/,Mightyena,48
256,£83.00,https://scrapeme.live/shop/Zigzagoon/,Zigzagoon,48
257,£81.00,https://scrapeme.live/shop/Linoone/,Linoone,48
258,£195.00,https://scrapeme.live/shop/Wurmple/,Wurmple,48
259,£80.00,https://scrapeme.live/shop/Silcoon/,Silcoon,48
260,£145.00,https://scrapeme.live/shop/Beautifly/,Beautifly,48
261,£166.00,https://scrapeme.live/shop/Cascoon/,Cascoon,48
262,£91.00,https://scrapeme.live/shop/Dustox/,Dustox,48
263,£161.00,https://scrapeme.live/shop/Lotad/,Lotad,48
264,£79.00,https://scrapeme.live/shop/Lombre/,Lombre,48
265,£189.00,https://scrapeme.live/shop/Ludicolo/,Ludicolo,48
266,£26.00,https://scrapeme.live/shop/Seedot/,Seedot,48
267,£26.00,https://scrapeme.live/shop/Nuzleaf/,Nuzleaf,48
268,£157.00,https://scrapeme.live/shop/Shiftry/,Shiftry,48
269,£85.00,https://scrapeme.live/shop/Taillow/,Taillow,48
270,£88.00,https://scrapeme.live/shop/Swellow/,Swellow,48
271,£153.00,https://scrapeme.live/shop/Wingull/,Wingull,48
272,£158.00,https://scrapeme.live/shop/Pelipper/,Pelipper,48
273,£151.00,https://scrapeme.live/shop/Ralts/,Ralts,48
274,£186.00,https://scrapeme.live/shop/Kirlia/,Kirlia,48
275,£34.00,https://scrapeme.live/shop/Gardevoir/,Gardevoir,48
276,£112.00,https://scrapeme.live/shop/Surskit/,Surskit,48
277,£39.00,https://scrapeme.live/shop/Masquerain/,Masquerain,48
278,£31.00,https://scrapeme.live/shop/Shroomish/,Shroomish,48
279,£113.00,https://scrapeme.live/shop/Breloom/,Breloom,48
280,£69.00,https://scrapeme.live/shop/Slakoth/,Slakoth,48
281,£25.00,https://scrapeme.live/shop/Vigoroth/,Vigoroth,48
282,£119.00,https://scrapeme.live/shop/Slaking/,Slaking,48
283,£38.00,https://scrapeme.live/shop/Nincada/,Nincada,48
284,£161.00,https://scrapeme.live/shop/Ninjask/,Ninjask,48
285,£128.00,https://scrapeme.live/shop/Shedinja/,Shedinja,48
286,£137.00,https://scrapeme.live/shop/Whismur/,Whismur,48
287,£145.00,https://scrapeme.live/shop/Loudred/,Loudred,48
288,£161.00,https://scrapeme.live/shop/Exploud/,Exploud,48
289,£30.00,https://scrapeme.live/shop/Makuhita/,Makuhita,48
290,£176.00,https://scrapeme.live/shop/Hariyama/,Hariyama,48
291,£70.00,https://scrapeme.live/shop/Azurill/,Azurill,48
292,£41.00,https://scrapeme.live/shop/Nosepass/,Nosepass,48
293,£156.00,https://scrapeme.live/shop/Skitty/,Skitty,48
294,£170.00,https://scrapeme.live/shop/Delcatty/,Delcatty,48
295,£81.00,https://scrapeme.live/shop/Sableye/,Sableye,48
296,£119.00,https://scrapeme.live/shop/Mawile/,Mawile,48
297,£149.00,https://scrapeme.live/shop/Aron/,Aron,48
298,£70.00,https://scrapeme.live/shop/Lairon/,Lairon,48
299,£140.00,https://scrapeme.live/shop/Aggron/,Aggron,48
300,£97.00,https://scrapeme.live/shop/Meditite/,Meditite,48
301,£77.00,https://scrapeme.live/shop/Medicham/,Medicham,48
302,£145.00,https://scrapeme.live/shop/Electrike/,Electrike,48
303,£76.00,https://scrapeme.live/shop/Manectric/,Manectric,48
304,£56.00,https://scrapeme.live/shop/Plusle/,Plusle,48
305,£193.00,https://scrapeme.live/shop/Minun/,Minun,48
306,£123.00,https://scrapeme.live/shop/Volbeat/,Volbeat,48
307,£167.00,https://scrapeme.live/shop/Illumise/,Illumise,48
308,£90.00,https://scrapeme.live/shop/Roselia/,Roselia,48
309,£136.00,https://scrapeme.live/shop/Gulpin/,Gulpin,48
310,£130.00,https://scrapeme.live/shop/Swalot/,Swalot,48
311,£25.00,https://scrapeme.live/shop/Carvanha/,Carvanha,48
312,£129.00,https://scrapeme.live/shop/Sharpedo/,Sharpedo,48
313,£90.00,https://scrapeme.live/shop/Wailmer/,Wailmer,48
314,£150.00,https://scrapeme.live/shop/Wailord/,Wailord,48
315,£170.00,https://scrapeme.live/shop/Numel/,Numel,48
316,£124.00,https://scrapeme.live/shop/Camerupt/,Camerupt,48
317,£98.00,https://scrapeme.live/shop/Torkoal/,Torkoal,48
318,£163.00,https://scrapeme.live/shop/Spoink/,Spoink,48
319,£182.00,https://scrapeme.live/shop/Grumpig/,Grumpig,48
320,£149.00,https://scrapeme.live/shop/Spinda/,Spinda,48
321,£116.00,https://scrapeme.live/shop/Trapinch/,Trapinch,48
322,£200.00,https://scrapeme.live/shop/Vibrava/,Vibrava,48
323,£174.00,https://scrapeme.live/shop/Flygon/,Flygon,48
324,£105.00,https://scrapeme.live/shop/Cacnea/,Cacnea,48
325,£31.00,https://scrapeme.live/shop/Cacturne/,Cacturne,48
326,£121.00,https://scrapeme.live/shop/Swablu/,Swablu,48
327,£104.00,https://scrapeme.live/shop/Altaria/,Altaria,48
328,£107.00,https://scrapeme.live/shop/Seviper/,Seviper,48
329,£177.00,https://scrapeme.live/shop/Lunatone/,Lunatone,48
330,£57.00,https://scrapeme.live/shop/Solrock/,Solrock,48
331,£179.00,https://scrapeme.live/shop/Whiscash/,Whiscash,48
332,£178.00,https://scrapeme.live/shop/Corphish/,Corphish,48
333,£173.00,https://scrapeme.live/shop/Crawdaunt/,Crawdaunt,48
334,£167.00,https://scrapeme.live/shop/Baltoy/,Baltoy,48
335,£197.00,https://scrapeme.live/shop/Claydol/,Claydol,48
336,£87.00,https://scrapeme.live/shop/Lileep/,Lileep,48
337,£154.00,https://scrapeme.live/shop/Cradily/,Cradily,48
338,£64.00,https://scrapeme.live/shop/Anorith/,Anorith,48
339,£42.00,https://scrapeme.live/shop/Armaldo/,Armaldo,48
340,£194.00,https://scrapeme.live/shop/Feebas/,Feebas,48
341,£152.00,https://scrapeme.live/shop/Milotic/,Milotic,48
342,£119.00,https://scrapeme.live/shop/Castform/,Castform,48
343,£100.00,https://scrapeme.live/shop/Kecleon/,Kecleon,48
344,£174.00,https://scrapeme.live/shop/Shuppet/,Shuppet,48
345,£104.00,https://scrapeme.live/shop/Banette/,Banette,48
346,£139.00,https://scrapeme.live/shop/Duskull/,Duskull,48
347,£39.00,https://scrapeme.live/shop/Dusclops/,Dusclops,48
348,£196.00,https://scrapeme.live/shop/Tropius/,Tropius,48
349,£51.00,https://scrapeme.live/shop/Chimecho/,Chimecho,48
350,£134.00,https://scrapeme.live/shop/Absol/,Absol,48
351,£168.00,https://scrapeme.live/shop/Wynaut/,Wynaut,48
352,£82.00,https://scrapeme.live/shop/Snorunt/,Snorunt,48
353,£178.00,https://scrapeme.live/shop/Glalie/,Glalie,48
354,£193.00,https://scrapeme.live/shop/Spheal/,Spheal,48
355,£160.00,https://scrapeme.live/shop/Sealeo/,Sealeo,48
356,£27.00,https://scrapeme.live/shop/Walrein/,Walrein,48
357,£48.00,https://scrapeme.live/shop/Clamperl/,Clamperl,48
358,£52.00,https://scrapeme.live/shop/Huntail/,Huntail,48
359,£150.00,https://scrapeme.live/shop/Gorebyss/,Gorebyss,48
360,£157.00,https://scrapeme.live/shop/Relicanth/,Relicanth,48
361,£44.00,https://scrapeme.live/shop/Luvdisc/,Luvdisc,48
362,£34.00,https://scrapeme.live/shop/Bagon/,Bagon,48
363,£56.00,https://scrapeme.live/shop/Shelgon/,Shelgon,48
364,£62.00,https://scrapeme.live/shop/Salamence/,Salamence,48
365,£122.00,https://scrapeme.live/shop/Beldum/,Beldum,48
366,£78.00,https://scrapeme.live/shop/Metang/,Metang,48
367,£170.00,https://scrapeme.live/shop/Metagross/,Metagross,48
368,£66.00,https://scrapeme.live/shop/Regirock/,Regirock,48
369,£165.00,https://scrapeme.live/shop/Regice/,Regice,48
370,£196.00,https://scrapeme.live/shop/Registeel/,Registeel,48
371,£126.00,https://scrapeme.live/shop/Latias/,Latias,48
372,£166.00,https://scrapeme.live/shop/Latios/,Latios,48
373,£27.00,https://scrapeme.live/shop/Kyogre/,Kyogre,48
374,£124.00,https://scrapeme.live/shop/Groudon/,Groudon,48
375,£97.00,https://scrapeme.live/shop/Rayquaza/,Rayquaza,48
376,£111.00,https://scrapeme.live/shop/Jirachi/,Jirachi,48
377,£101.00,https://scrapeme.live/shop/Turtwig/,Turtwig,48
378,£154.00,https://scrapeme.live/shop/Grotle/,Grotle,48
379,£87.00,https://scrapeme.live/shop/Torterra/,Torterra,48
380,£143.00,https://scrapeme.live/shop/Chimchar/,Chimchar,48
381,£68.00,https://scrapeme.live/shop/Monferno/,Monferno,48
382,£165.00,https://scrapeme.live/shop/Infernape/,Infernape,48
383,£177.00,https://scrapeme.live/shop/Prinplup/,Prinplup,48
384,£42.00,https://scrapeme.live/shop/Empoleon/,Empoleon,48
385,£59.00,https://scrapeme.live/shop/Starly/,Starly,48
386,£158.00,https://scrapeme.live/shop/Staravia/,Staravia,48
387,£42.00,https://scrapeme.live/shop/Staraptor/,Staraptor,48
388,£128.00,https://scrapeme.live/shop/Bidoof/,Bidoof,48
389,£114.00,https://scrapeme.live/shop/Bibarel/,Bibarel,48
390,£94.00,https://scrapeme.live/shop/Kricketot/,Kricketot,48
391,£53.00,https://scrapeme.live/shop/Kricketune/,Kricketune,48
392,£149.00,https://scrapeme.live/shop/Shinx/,Shinx,48
393,£168.00,https://scrapeme.live/shop/Luxio/,Luxio,48
394,£43.00,https://scrapeme.live/shop/Luxray/,Luxray,48
395,£171.00,https://scrapeme.live/shop/Budew/,Budew,48
396,£155.00,https://scrapeme.live/shop/Roserade/,Roserade,48
397,£47.00,https://scrapeme.live/shop/Cranidos/,Cranidos,48
398,£196.00,https://scrapeme.live/shop/Rampardos/,Rampardos,48
399,£42.00,https://scrapeme.live/shop/Shieldon/,Shieldon,48
400,£191.00,https://scrapeme.live/shop/Bastiodon/,Bastiodon,48
401,£91.00,https://scrapeme.live/shop/Burmy/,Burmy,48
402,£177.00,https://scrapeme.live/shop/Mothim/,Mothim,48
403,£111.00,https://scrapeme.live/shop/Combee/,Combee,48
404,£104.00,https://scrapeme.live/shop/Vespiquen/,Vespiquen,48
405,£151.00,https://scrapeme.live/shop/Pachirisu/,Pachirisu,48
406,£55.00,https://scrapeme.live/shop/Buizel/,Buizel,48
407,£40.00,https://scrapeme.live/shop/Floatzel/,Floatzel,48
408,£101.00,https://scrapeme.live/shop/Cherubi/,Cherubi,48
409,£161.00,https://scrapeme.live/shop/Cherrim/,Cherrim,48
410,£163.00,https://scrapeme.live/shop/Shellos/,Shellos,48
411,£148.00,https://scrapeme.live/shop/Gastrodon/,Gastrodon,48
412,£36.00,https://scrapeme.live/shop/Ambipom/,Ambipom,48
413,£70.00,https://scrapeme.live/shop/Drifloon/,Drifloon,48
414,£36.00,https://scrapeme.live/shop/Drifblim/,Drifblim,48
415,£180.00,https://scrapeme.live/shop/Buneary/,Buneary,48
416,£123.00,https://scrapeme.live/shop/Lopunny/,Lopunny,48
417,£38.00,https://scrapeme.live/shop/Mismagius/,Mismagius,48
418,£47.00,https://scrapeme.live/shop/Honchkrow/,Honchkrow,48
419,£39.00,https://scrapeme.live/shop/Glameow/,Glameow,48
420,£128.00,https://scrapeme.live/shop/Purugly/,Purugly,48
421,£106.00,https://scrapeme.live/shop/Stunky/,Stunky,48
422,£112.00,https://scrapeme.live/shop/Skuntank/,Skuntank,48
423,£110.00,https://scrapeme.live/shop/Bronzong/,Bronzong,48
424,£106.00,https://scrapeme.live/shop/Bonsly/,Bonsly,48
425,£170.00,https://scrapeme.live/shop/Mime-jr/,Mime-jr,48
426,£67.00,https://scrapeme.live/shop/Happiny/,Happiny,48
427,£78.00,https://scrapeme.live/shop/Chatot/,Chatot,48
428,£165.00,https://scrapeme.live/shop/Spiritomb/,Spiritomb,48
429,£194.00,https://scrapeme.live/shop/Gible/,Gible,48
430,£154.00,https://scrapeme.live/shop/Gabite/,Gabite,48
431,£62.00,https://scrapeme.live/shop/Garchomp/,Garchomp,48
432,£190.00,https://scrapeme.live/shop/Munchlax/,Munchlax,48
433,£70.00,https://scrapeme.live/shop/Riolu/,Riolu,48
434,£102.00,https://scrapeme.live/shop/Lucario/,Lucario,48
435,£189.00,https://scrapeme.live/shop/Hippopotas/,Hippopotas,48
436,£140.00,https://scrapeme.live/shop/Hippowdon/,Hippowdon,48
437,£51.00,https://scrapeme.live/shop/Skorupi/,Skorupi,48
438,£72.00,https://scrapeme.live/shop/Drapion/,Drapion,48
439,£145.00,https://scrapeme.live/shop/Croagunk/,Croagunk,48
440,£145.00,https://scrapeme.live/shop/Toxicroak/,Toxicroak,48
441,£60.00,https://scrapeme.live/shop/Carnivine/,Carnivine,48
442,£172.00,https://scrapeme.live/shop/Finneon/,Finneon,48
443,£72.00,https://scrapeme.live/shop/Lumineon/,Lumineon,48
444,£121.00,https://scrapeme.live/shop/Mantyke/,Mantyke,48
445,£104.00,https://scrapeme.live/shop/Snover/,Snover,48
446,£46.00,https://scrapeme.live/shop/Abomasnow/,Abomasnow,48
447,£190.00,https://scrapeme.live/shop/Magnezone/,Magnezone,48
448,£101.00,https://scrapeme.live/shop/Lickilicky/,Lickilicky,48
449,£79.00,https://scrapeme.live/shop/Rhyperior/,Rhyperior,48
450,£108.00,https://scrapeme.live/shop/Tangrowth/,Tangrowth,48
451,£61.00,https://scrapeme.live/shop/Electivire/,Electivire,48
452,£200.00,https://scrapeme.live/shop/Magmortar/,Magmortar,48
453,£158.00,https://scrapeme.live/shop/Togekiss/,Togekiss,48
454,£121.00,https://scrapeme.live/shop/Yanmega/,Yanmega,48
455,£93.00,https://scrapeme.live/shop/Leafeon/,Leafeon,48
456,£142.00,https://scrapeme.live/shop/Glaceon/,Glaceon,48
457,£28.00,https://scrapeme.live/shop/Gliscor/,Gliscor,48
458,£104.00,https://scrapeme.live/shop/Mamoswine/,Mamoswine,48
459,£149.00,https://scrapeme.live/shop/Gallade/,Gallade,48
460,£181.00,https://scrapeme.live/shop/Probopass/,Probopass,48
461,£158.00,https://scrapeme.live/shop/Dusknoir/,Dusknoir,48
462,£86.00,https://scrapeme.live/shop/Froslass/,Froslass,48
463,£42.00,https://scrapeme.live/shop/Rotom/,Rotom,48
464,£200.00,https://scrapeme.live/shop/Uxie/,Uxie,48
465,£25.00,https://scrapeme.live/shop/Mesprit/,Mesprit,48
466,£32.00,https://scrapeme.live/shop/Azelf/,Azelf,48
467,£179.00,https://scrapeme.live/shop/Dialga/,Dialga,48
468,£151.00,https://scrapeme.live/shop/Palkia/,Palkia,48
469,£142.00,https://scrapeme.live/shop/Heatran/,Heatran,48
470,£77.00,https://scrapeme.live/shop/Regigigas/,Regigigas,48
471,£34.00,https://scrapeme.live/shop/Cresselia/,Cresselia,48
472,£155.00,https://scrapeme.live/shop/Phione/,Phione,48
473,£74.00,https://scrapeme.live/shop/Manaphy/,Manaphy,48
474,£59.00,https://scrapeme.live/shop/Darkrai/,Darkrai,48
475,£53.00,https://scrapeme.live/shop/Arceus/,Arceus,48
476,£109.00,https://scrapeme.live/shop/Victini/,Victini,48
477,£102.00,https://scrapeme.live/shop/Snivy/,Snivy,48
478,£154.00,https://scrapeme.live/shop/Servine/,Servine,48
479,£88.00,https://scrapeme.live/shop/Serperior/,Serperior,48
480,£195.00,https://scrapeme.live/shop/Tepig/,Tepig,48
481,£149.00,https://scrapeme.live/shop/Pignite/,Pignite,48
482,£32.00,https://scrapeme.live/shop/Emboar/,Emboar,48
483,£194.00,https://scrapeme.live/shop/Oshawott/,Oshawott,48
484,£57.00,https://scrapeme.live/shop/Dewott/,Dewott,48
485,£106.00,https://scrapeme.live/shop/Samurott/,Samurott,48
486,£116.00,https://scrapeme.live/shop/Patrat/,Patrat,48
487,£141.00,https://scrapeme.live/shop/Watchog/,Watchog,48
488,£28.00,https://scrapeme.live/shop/Lillipup/,Lillipup,48
489,£164.00,https://scrapeme.live/shop/Herdier/,Herdier,48
490,£37.00,https://scrapeme.live/shop/Stoutland/,Stoutland,48
491,£167.00,https://scrapeme.live/shop/Purrloin/,Purrloin,48
492,£104.00,https://scrapeme.live/shop/Liepard/,Liepard,48
493,£197.00,https://scrapeme.live/shop/Pansage/,Pansage,48
494,£98.00,https://scrapeme.live/shop/Simisage/,Simisage,48
495,£194.00,https://scrapeme.live/shop/Pansear/,Pansear,48
496,£38.00,https://scrapeme.live/shop/Simisear/,Simisear,48
497,£52.00,https://scrapeme.live/shop/Panpour/,Panpour,48
498,£61.00,https://scrapeme.live/shop/Simipour/,Simipour,48
499,£172.00,https://scrapeme.live/shop/Munna/,Munna,48
500,£58.00,https://scrapeme.live/shop/Musharna/,Musharna,48
501,£172.00,https://scrapeme.live/shop/Pidove/,Pidove,48
502,£199.00,https://scrapeme.live/shop/Tranquill/,Tranquill,48
503,£135.00,https://scrapeme.live/shop/Unfezant/,Unfezant,48
504,£138.00,https://scrapeme.live/shop/Zebstrika/,Zebstrika,48
505,£41.00,https://scrapeme.live/shop/Roggenrola/,Roggenrola,48
506,£76.00,https://scrapeme.live/shop/Boldore/,Boldore,48
507,£67.00,https://scrapeme.live/shop/Gigalith/,Gigalith,48
508,£27.00,https://scrapeme.live/shop/Woobat/,Woobat,48
509,£49.00,https://scrapeme.live/shop/Swoobat/,Swoobat,48
510,£132.00,https://scrapeme.live/shop/Drilbur/,Drilbur,48
511,£36.00,https://scrapeme.live/shop/Excadrill/,Excadrill,48
512,£95.00,https://scrapeme.live/shop/Audino/,Audino,48
513,£194.00,https://scrapeme.live/shop/Timburr/,Timburr,48
514,£179.00,https://scrapeme.live/shop/Gurdurr/,Gurdurr,48
515,£72.00,https://scrapeme.live/shop/Conkeldurr/,Conkeldurr,48
516,£117.00,https://scrapeme.live/shop/Palpitoad/,Palpitoad,48
517,£90.00,https://scrapeme.live/shop/Seismitoad/,Seismitoad,48
518,£43.00,https://scrapeme.live/shop/Throh/,Throh,48
519,£129.00,https://scrapeme.live/shop/Sawk/,Sawk,48
520,£40.00,https://scrapeme.live/shop/Sewaddle/,Sewaddle,48
521,£107.00,https://scrapeme.live/shop/Swadloon/,Swadloon,48
522,£130.00,https://scrapeme.live/shop/Leavanny/,Leavanny,48
523,£87.00,https://scrapeme.live/shop/Venipede/,Venipede,48
524,£84.00,https://scrapeme.live/shop/Whirlipede/,Whirlipede,48
525,£153.00,https://scrapeme.live/shop/Scolipede/,Scolipede,48
526,£77.00,https://scrapeme.live/shop/Cottonee/,Cottonee,48
527,£26.00,https://scrapeme.live/shop/Whimsicott/,Whimsicott,48
528,£118.00,https://scrapeme.live/shop/Petilil/,Petilil,48
529,£137.00,https://scrapeme.live/shop/Lilligant/,Lilligant,48
530,£136.00,https://scrapeme.live/shop/Sandile/,Sandile,48
531,£135.00,https://scrapeme.live/shop/Krokorok/,Krokorok,48
532,£185.00,https://scrapeme.live/shop/Krookodile/,Krookodile,48
533,£106.00,https://scrapeme.live/shop/Darumaka/,Darumaka,48
534,£31.00,https://scrapeme.live/shop/Maractus/,Maractus,48
535,£75.00,https://scrapeme.live/shop/Dwebble/,Dwebble,48
536,£105.00,https://scrapeme.live/shop/Crustle/,Crustle,48
537,£112.00,https://scrapeme.live/shop/Scraggy/,Scraggy,48
538,£137.00,https://scrapeme.live/shop/Scrafty/,Scrafty,48
539,£68.00,https://scrapeme.live/shop/Sigilyph/,Sigilyph,48
540,£171.00,https://scrapeme.live/shop/Yamask/,Yamask,48
541,£160.00,https://scrapeme.live/shop/Cofagrigus/,Cofagrigus,48
542,£60.00,https://scrapeme.live/shop/Tirtouga/,Tirtouga,48
543,£158.00,https://scrapeme.live/shop/Carracosta/,Carracosta,48
544,£140.00,https://scrapeme.live/shop/Archen/,Archen,48
545,£126.00,https://scrapeme.live/shop/Archeops/,Archeops,48
546,£169.00,https://scrapeme.live/shop/Trubbish/,Trubbish,48
547,£178.00,https://scrapeme.live/shop/Garbodor/,Garbodor,48
548,£81.00,https://scrapeme.live/shop/Zorua/,Zorua,48
549,£79.00,https://scrapeme.live/shop/Minccino/,Minccino,48
550,£154.00,https://scrapeme.live/shop/Cinccino/,Cinccino,48
551,£68.00,https://scrapeme.live/shop/Gothita/,Gothita,48
552,£189.00,https://scrapeme.live/shop/Gothorita/,Gothorita,48
553,£164.00,https://scrapeme.live/shop/Gothitelle/,Gothitelle,48
554,£134.00,https://scrapeme.live/shop/Solosis/,Solosis,48
555,£71.00,https://scrapeme.live/shop/Duosion/,Duosion,48
556,£168.00,https://scrapeme.live/shop/Reuniclus/,Reuniclus,48
557,£159.00,https://scrapeme.live/shop/Ducklett/,Ducklett,48
558,£36.00,https://scrapeme.live/shop/Swanna/,Swanna,48
559,£108.00,https://scrapeme.live/shop/Vanillite/,Vanillite,48
560,£93.00,https://scrapeme.live/shop/Vanillish/,Vanillish,48
561,£89.00,https://scrapeme.live/shop/Vanilluxe/,Vanilluxe,48
562,£141.00,https://scrapeme.live/shop/Deerling/,Deerling,48
563,£76.00,https://scrapeme.live/shop/Sawsbuck/,Sawsbuck,48
564,£41.00,https://scrapeme.live/shop/Karrablast/,Karrablast,48
565,£189.00,https://scrapeme.live/shop/Escavalier/,Escavalier,48
566,£129.00,https://scrapeme.live/shop/Foongus/,Foongus,48
567,£63.00,https://scrapeme.live/shop/Frillish/,Frillish,48
568,£114.00,https://scrapeme.live/shop/Jellicent/,Jellicent,48
569,£35.00,https://scrapeme.live/shop/Alomomola/,Alomomola,48
570,£59.00,https://scrapeme.live/shop/Joltik/,Joltik,48
571,£57.00,https://scrapeme.live/shop/Galvantula/,Galvantula,48
572,£81.00,https://scrapeme.live/shop/Ferroseed/,Ferroseed,48
573,£182.00,https://scrapeme.live/shop/Ferrothorn/,Ferrothorn,48
574,£75.00,https://scrapeme.live/shop/Klink/,Klink,48
575,£162.00,https://scrapeme.live/shop/Klang/,Klang,48
576,£178.00,https://scrapeme.live/shop/Klinklang/,Klinklang,48
577,£82.00,https://scrapeme.live/shop/Tynamo/,Tynamo,48
578,£198.00,https://scrapeme.live/shop/Eelektrik/,Eelektrik,48
579,£123.00,https://scrapeme.live/shop/Eelektross/,Eelektross,48
580,£107.00,https://scrapeme.live/shop/Elgyem/,Elgyem,48
581,£34.00,https://scrapeme.live/shop/Beheeyem/,Beheeyem,48
582,£37.00,https://scrapeme.live/shop/Litwick/,Litwick,48
583,£157.00,https://scrapeme.live/shop/Lampent/,Lampent,48
584,£123.00,https://scrapeme.live/shop/Axew/,Axew,48
585,£64.00,https://scrapeme.live/shop/Fraxure/,Fraxure,48
586,£135.00,https://scrapeme.live/shop/Haxorus/,Haxorus,48
587,£62.00,https://scrapeme.live/shop/Cubchoo/,Cubchoo,48
588,£28.00,https://scrapeme.live/shop/Beartic/,Beartic,48
589,£72.00,https://scrapeme.live/shop/Cryogonal/,Cryogonal,48
590,£190.00,https://scrapeme.live/shop/Shelmet/,Shelmet,48
591,£129.00,https://scrapeme.live/shop/Accelgor/,Accelgor,48
592,£67.00,https://scrapeme.live/shop/Stunfisk/,Stunfisk,48
593,£197.00,https://scrapeme.live/shop/Mienfoo/,Mienfoo,48
594,£50.00,https://scrapeme.live/shop/Mienshao/,Mienshao,48
595,£110.00,https://scrapeme.live/shop/Druddigon/,Druddigon,48
596,£89.00,https://scrapeme.live/shop/Golett/,Golett,48
597,£74.00,https://scrapeme.live/shop/Golurk/,Golurk,48
598,£37.00,https://scrapeme.live/shop/Pawniard/,Pawniard,48
599,£129.00,https://scrapeme.live/shop/Bisharp/,Bisharp,48
600,£59.00,https://scrapeme.live/shop/Bouffalant/,Bouffalant,48
601,£60.00,https://scrapeme.live/shop/Rufflet/,Rufflet,48
602,£83.00,https://scrapeme.live/shop/Braviary/,Braviary,48
603,£61.00,https://scrapeme.live/shop/Vullaby/,Vullaby,48
604,£89.00,https://scrapeme.live/shop/Mandibuzz/,Mandibuzz,48
605,£81.00,https://scrapeme.live/shop/Heatmor/,Heatmor,48
606,£28.00,https://scrapeme.live/shop/Durant/,Durant,48
607,£63.00,https://scrapeme.live/shop/Deino/,Deino,48
608,£199.00,https://scrapeme.live/shop/Zweilous/,Zweilous,48
609,£86.00,https://scrapeme.live/shop/Hydreigon/,Hydreigon,48
610,£94.00,https://scrapeme.live/shop/Volcarona/,Volcarona,48
611,£111.00,https://scrapeme.live/shop/Cobalion/,Cobalion,48
612,£87.00,https://scrapeme.live/shop/Terrakion/,Terrakion,48
613,£156.00,https://scrapeme.live/shop/Virizion/,Virizion,48
614,£147.00,https://scrapeme.live/shop/Reshiram/,Reshiram,48
615,£135.00,https://scrapeme.live/shop/Zekrom/,Zekrom,48
616,£173.00,https://scrapeme.live/shop/Genesect/,Genesect,48
617,£185.00,https://scrapeme.live/shop/Chespin/,Chespin,48
618,£161.00,https://scrapeme.live/shop/Quilladin/,Quilladin,48
619,£96.00,https://scrapeme.live/shop/Chesnaught/,Chesnaught,48
620,£123.00,https://scrapeme.live/shop/Fennekin/,Fennekin,48
621,£59.00,https://scrapeme.live/shop/Braixen/,Braixen,48
622,£170.00,https://scrapeme.live/shop/Delphox/,Delphox,48
623,£38.00,https://scrapeme.live/shop/Froakie/,Froakie,48
624,£125.00,https://scrapeme.live/shop/Frogadier/,Frogadier,48
625,£42.00,https://scrapeme.live/shop/Greninja/,Greninja,48
626,£66.00,https://scrapeme.live/shop/Bunnelby/,Bunnelby,48
627,£43.00,https://scrapeme.live/shop/Fletchling/,Fletchling,48
628,£147.00,https://scrapeme.live/shop/Fletchinder/,Fletchinder,48
629,£84.00,https://scrapeme.live/shop/Talonflame/,Talonflame,48
630,£40.00,https://scrapeme.live/shop/Scatterbug/,Scatterbug,48
631,£155.00,https://scrapeme.live/shop/Spewpa/,Spewpa,48
632,£177.00,https://scrapeme.live/shop/Vivillon/,Vivillon,48
633,£34.00,https://scrapeme.live/shop/Litleo/,Litleo,48
634,£127.00,https://scrapeme.live/shop/Pyroar/,Pyroar,48
635,£79.00,https://scrapeme.live/shop/Flabebe/,Flabebe,48
636,£149.00,https://scrapeme.live/shop/Floette/,Floette,48
637,£93.00,https://scrapeme.live/shop/Florges/,Florges,48
638,£129.00,https://scrapeme.live/shop/Skiddo/,Skiddo,48
639,£97.00,https://scrapeme.live/shop/Gogoat/,Gogoat,48
640,£76.00,https://scrapeme.live/shop/Pangoro/,Pangoro,48
641,£165.00,https://scrapeme.live/shop/Furfrou/,Furfrou,48
642,£149.00,https://scrapeme.live/shop/Espurr/,Espurr,48
643,£101.00,https://scrapeme.live/shop/Honedge/,Honedge,48
644,£164.00,https://scrapeme.live/shop/Doublade/,Doublade,48
645,£58.00,https://scrapeme.live/shop/Spritzee/,Spritzee,48
646,£194.00,https://scrapeme.live/shop/Aromatisse/,Aromatisse,48
647,£90.00,https://scrapeme.live/shop/Swirlix/,Swirlix,48
648,£66.00,https://scrapeme.live/shop/Slurpuff/,Slurpuff,48
649,£38.00,https://scrapeme.live/shop/Inkay/,Inkay,48
650,£58.00,https://scrapeme.live/shop/Malamar/,Malamar,48
651,£102.00,https://scrapeme.live/shop/Binacle/,Binacle,48
652,£165.00,https://scrapeme.live/shop/Barbaracle/,Barbaracle,48
653,£63.00,https://scrapeme.live/shop/Skrelp/,Skrelp,48
654,£151.00,https://scrapeme.live/shop/Dragalge/,Dragalge,48
655,£29.00,https://scrapeme.live/shop/Clauncher/,Clauncher,48
656,£69.00,https://scrapeme.live/shop/Clawitzer/,Clawitzer,48
657,£62.00,https://scrapeme.live/shop/Helioptile/,Helioptile,48
658,£83.00,https://scrapeme.live/shop/Heliolisk/,Heliolisk,48
659,£62.00,https://scrapeme.live/shop/Tyrunt/,Tyrunt,48
660,£26.00,https://scrapeme.live/shop/Tyrantrum/,Tyrantrum,48
661,£155.00,https://scrapeme.live/shop/Amaura/,Amaura,48
662,£189.00,https://scrapeme.live/shop/Aurorus/,Aurorus,48
663,£48.00,https://scrapeme.live/shop/Sylveon/,Sylveon,48
664,£44.00,https://scrapeme.live/shop/Hawlucha/,Hawlucha,48
665,£118.00,https://scrapeme.live/shop/Dedenne/,Dedenne,48
666,£171.00,https://scrapeme.live/shop/Carbink/,Carbink,48
667,£110.00,https://scrapeme.live/shop/Goomy/,Goomy,48
668,£109.00,https://scrapeme.live/shop/Sliggoo/,Sliggoo,48
669,£192.00,https://scrapeme.live/shop/Goodra/,Goodra,48
670,£179.00,https://scrapeme.live/shop/Klefki/,Klefki,48
671,£53.00,https://scrapeme.live/shop/Trevenant/,Trevenant,48
672,£119.00,https://scrapeme.live/shop/Bergmite/,Bergmite,48
673,£71.00,https://scrapeme.live/shop/Avalugg/,Avalugg,48
674,£126.00,https://scrapeme.live/shop/Noibat/,Noibat,48
675,£75.00,https://scrapeme.live/shop/Noivern/,Noivern,48
676,£30.00,https://scrapeme.live/shop/Xerneas/,Xerneas,48
677,£59.00,https://scrapeme.live/shop/Yveltal/,Yveltal,48
678,£83.00,https://scrapeme.live/shop/Zygarde/,Zygarde,48
679,£27.00,https://scrapeme.live/shop/Diancie/,Diancie,48
680,£189.00,https://scrapeme.live/shop/Hoopa/,Hoopa,48
681,£45.00,https://scrapeme.live/shop/Volcanion/,Volcanion,48
682,£169.00,https://scrapeme.live/shop/Dartrix/,Dartrix,48
683,£106.00,https://scrapeme.live/shop/Decidueye/,Decidueye,48
684,£132.00,https://scrapeme.live/shop/Litten/,Litten,48
685,£184.00,https://scrapeme.live/shop/Torracat/,Torracat,48
686,£36.00,https://scrapeme.live/shop/Incineroar/,Incineroar,48
687,£158.00,https://scrapeme.live/shop/Popplio/,Popplio,48
688,£172.00,https://scrapeme.live/shop/Brionne/,Brionne,48
689,£143.00,https://scrapeme.live/shop/Primarina/,Primarina,48
690,£51.00,https://scrapeme.live/shop/Pikipek/,Pikipek,48
691,£59.00,https://scrapeme.live/shop/Trumbeak/,Trumbeak,48
692,£77.00,https://scrapeme.live/shop/Toucannon/,Toucannon,48
693,£159.00,https://scrapeme.live/shop/Yungoos/,Yungoos,48
694,£123.00,https://scrapeme.live/shop/Gumshoos/,Gumshoos,48
695,£77.00,https://scrapeme.live/shop/Grubbin/,Grubbin,48
696,£76.00,https://scrapeme.live/shop/Charjabug/,Charjabug,48
697,£88.00,https://scrapeme.live/shop/Vikavolt/,Vikavolt,48
698,£181.00,https://scrapeme.live/shop/Crabrawler/,Crabrawler,48
699,£65.00,https://scrapeme.live/shop/Crabominable/,Crabominable,48
700,£118.00,https://scrapeme.live/shop/Cutiefly/,Cutiefly,48
701,£100.00,https://scrapeme.live/shop/Ribombee/,Ribombee,48
702,£149.00,https://scrapeme.live/shop/Rockruff/,Rockruff,48
703,£47.00,https://scrapeme.live/shop/Mareanie/,Mareanie,48
704,£91.00,https://scrapeme.live/shop/Toxapex/,Toxapex,48
705,£96.00,https://scrapeme.live/shop/Mudbray/,Mudbray,48
706,£111.00,https://scrapeme.live/shop/Mudsdale/,Mudsdale,48
707,£84.00,https://scrapeme.live/shop/Dewpider/,Dewpider,48
708,£48.00,https://scrapeme.live/shop/Araquanid/,Araquanid,48
709,£104.00,https://scrapeme.live/shop/Fomantis/,Fomantis,48
710,£159.00,https://scrapeme.live/shop/Lurantis/,Lurantis,48
711,£87.00,https://scrapeme.live/shop/Morelull/,Morelull,48
712,£75.00,https://scrapeme.live/shop/Shiinotic/,Shiinotic,48
713,£158.00,https://scrapeme.live/shop/Salandit/,Salandit,48
714,£166.00,https://scrapeme.live/shop/Salazzle/,Salazzle,48
715,£70.00,https://scrapeme.live/shop/Stufful/,Stufful,48
716,£117.00,https://scrapeme.live/shop/Bewear/,Bewear,48
717,£193.00,https://scrapeme.live/shop/Bounsweet/,Bounsweet,48
718,£27.00,https://scrapeme.live/shop/Steenee/,Steenee,48
719,£186.00,https://scrapeme.live/shop/Tsareena/,Tsareena,48
720,£28.00,https://scrapeme.live/shop/Comfey/,Comfey,48
721,£139.00,https://scrapeme.live/shop/Oranguru/,Oranguru,48
722,£182.00,https://scrapeme.live/shop/Passimian/,Passimian,48
723,£137.00,https://scrapeme.live/shop/Wimpod/,Wimpod,48
724,£32.00,https://scrapeme.live/shop/Golisopod/,Golisopod,48
725,£131.00,https://scrapeme.live/shop/Sandygast/,Sandygast,48
726,£187.00,https://scrapeme.live/shop/Palossand/,Palossand,48
727,£97.00,https://scrapeme.live/shop/Pyukumuku/,Pyukumuku,48
728,£133.00,https://scrapeme.live/shop/Silvally/,Silvally,48
729,£65.00,https://scrapeme.live/shop/Komala/,Komala,48
730,£117.00,https://scrapeme.live/shop/Turtonator/,Turtonator,48
731,£45.00,https://scrapeme.live/shop/Togedemaru/,Togedemaru,48
732,£133.00,https://scrapeme.live/shop/Drampa/,Drampa,48
733,£107.00,https://scrapeme.live/shop/Jangmo-o/,Jangmo-o,48
734,£57.00,https://scrapeme.live/shop/Hakamo-o/,Hakamo-o,48
735,£170.00,https://scrapeme.live/shop/Kommo-o/,Kommo-o,48
736,£159.00,https://scrapeme.live/shop/Tapu-koko/,Tapu-koko,48
737,£62.00,https://scrapeme.live/shop/Tapu-lele/,Tapu-lele,48
738,£165.00,https://scrapeme.live/shop/Tapu-bulu/,Tapu-bulu,48
739,£123.00,https://scrapeme.live/shop/Tapu-fini/,Tapu-fini,48
740,£125.00,https://scrapeme.live/shop/Solgaleo/,Solgaleo,48
741,£58.00,https://scrapeme.live/shop/Lunala/,Lunala,48
742,£67.00,https://scrapeme.live/shop/Nihilego/,Nihilego,48
743,£172.00,https://scrapeme.live/shop/Buzzwole/,Buzzwole,48
744,£62.00,https://scrapeme.live/shop/Pheromosa/,Pheromosa,48
745,£174.00,https://scrapeme.live/shop/Xurkitree/,Xurkitree,48
746,£151.00,https://scrapeme.live/shop/Celesteela/,Celesteela,48
747,£197.00,https://scrapeme.live/shop/Kartana/,Kartana,48
748,£73.00,https://scrapeme.live/shop/Guzzlord/,Guzzlord,48
749,£68.00,https://scrapeme.live/shop/Necrozma/,Necrozma,48
750,£107.00,https://scrapeme.live/shop/Marshadow/,Marshadow,48
751,£130.00,https://scrapeme.live/shop/Poipole/,Poipole,48
752,£30.00,https://scrapeme.live/shop/Naganadel/,Naganadel,48
753,£190.00,https://scrapeme.live/shop/Stakataka/,Stakataka,48
754,£149.00,https://scrapeme.live/shop/Blacephalon/,Blacephalon,48
